section,object_name,detail_type,details
S0_env_verification,environment,env,"{""pg_version"":""PostgreSQL 17.6 on aarch64-unknown-linux-gnu, compiled by gcc (GCC) 15.2.0, 64-bit"",""current_user"":""postgres"",""session_user"":""postgres"",""current_schema"":""public"",""current_database"":""postgres"",""transaction_read_only"":""on""}"
S1_table_existence,document_analysis,table,"{""table_name"":""document_analysis"",""table_type"":""BASE TABLE"",""table_schema"":""public""}"
S1_table_existence,documents,table,"{""table_name"":""documents"",""table_type"":""BASE TABLE"",""table_schema"":""public""}"
S1_table_existence,generation_jobs,table,"{""table_name"":""generation_jobs"",""table_type"":""BASE TABLE"",""table_schema"":""public""}"
S1_table_existence,study_visuals,table,"{""table_name"":""study_visuals"",""table_type"":""BASE TABLE"",""table_schema"":""public""}"
S10_rls_status,document_analysis,rls_status,"{""rls_forced"":false,""table_name"":""document_analysis"",""rls_enabled"":true,""table_owner"":""postgres""}"
S10_rls_status,documents,rls_status,"{""rls_forced"":false,""table_name"":""documents"",""rls_enabled"":true,""table_owner"":""postgres""}"
S10_rls_status,generation_jobs,rls_status,"{""rls_forced"":false,""table_name"":""generation_jobs"",""rls_enabled"":true,""table_owner"":""postgres""}"
S10_rls_status,study_visuals,rls_status,"{""rls_forced"":false,""table_name"":""study_visuals"",""rls_enabled"":true,""table_owner"":""postgres""}"
S11_rls_policies,document_analysis.owner_all,rls_policy,"{""cmd"":""ALL"",""qual"":""(auth.uid() = user_id)"",""roles"":[""public""],""tablename"":""document_analysis"",""permissive"":""PERMISSIVE"",""policyname"":""owner_all"",""schemaname"":""public"",""with_check"":""(auth.uid() = user_id)""}"
S11_rls_policies,documents.Users can delete own documents,rls_policy,"{""cmd"":""DELETE"",""qual"":""(auth.uid() = user_id)"",""roles"":[""authenticated""],""tablename"":""documents"",""permissive"":""PERMISSIVE"",""policyname"":""Users can delete own documents"",""schemaname"":""public"",""with_check"":null}"
S11_rls_policies,documents.Users can delete their own documents,rls_policy,"{""cmd"":""DELETE"",""qual"":""(user_id = auth.uid())"",""roles"":[""authenticated""],""tablename"":""documents"",""permissive"":""PERMISSIVE"",""policyname"":""Users can delete their own documents"",""schemaname"":""public"",""with_check"":null}"
S11_rls_policies,documents.Users can insert own documents,rls_policy,"{""cmd"":""INSERT"",""qual"":null,""roles"":[""authenticated""],""tablename"":""documents"",""permissive"":""PERMISSIVE"",""policyname"":""Users can insert own documents"",""schemaname"":""public"",""with_check"":""(auth.uid() = user_id)""}"
S11_rls_policies,documents.Users can insert their own documents,rls_policy,"{""cmd"":""INSERT"",""qual"":null,""roles"":[""authenticated""],""tablename"":""documents"",""permissive"":""PERMISSIVE"",""policyname"":""Users can insert their own documents"",""schemaname"":""public"",""with_check"":""(user_id = auth.uid())""}"
S11_rls_policies,documents.Users can view own documents,rls_policy,"{""cmd"":""SELECT"",""qual"":""(auth.uid() = user_id)"",""roles"":[""authenticated""],""tablename"":""documents"",""permissive"":""PERMISSIVE"",""policyname"":""Users can view own documents"",""schemaname"":""public"",""with_check"":null}"
S11_rls_policies,documents.Users can view their own documents,rls_policy,"{""cmd"":""SELECT"",""qual"":""(user_id = auth.uid())"",""roles"":[""authenticated""],""tablename"":""documents"",""permissive"":""PERMISSIVE"",""policyname"":""Users can view their own documents"",""schemaname"":""public"",""with_check"":null}"
S11_rls_policies,documents.documents_update_own,rls_policy,"{""cmd"":""UPDATE"",""qual"":""(auth.uid() = user_id)"",""roles"":[""authenticated""],""tablename"":""documents"",""permissive"":""PERMISSIVE"",""policyname"":""documents_update_own"",""schemaname"":""public"",""with_check"":""(auth.uid() = user_id)""}"
S11_rls_policies,generation_jobs.Users see own jobs,rls_policy,"{""cmd"":""ALL"",""qual"":""(auth.uid() = user_id)"",""roles"":[""public""],""tablename"":""generation_jobs"",""permissive"":""PERMISSIVE"",""policyname"":""Users see own jobs"",""schemaname"":""public"",""with_check"":null}"
S11_rls_policies,study_visuals.study_visuals_owner_all,rls_policy,"{""cmd"":""ALL"",""qual"":""(auth.uid() = user_id)"",""roles"":[""public""],""tablename"":""study_visuals"",""permissive"":""PERMISSIVE"",""policyname"":""study_visuals_owner_all"",""schemaname"":""public"",""with_check"":""(auth.uid() = user_id)""}"
S12_table_privileges,document_analysis.anon.DELETE,table_privilege,"{""grantee"":""anon"",""table_name"":""document_analysis"",""is_grantable"":""NO"",""privilege_type"":""DELETE""}"
S12_table_privileges,document_analysis.anon.INSERT,table_privilege,"{""grantee"":""anon"",""table_name"":""document_analysis"",""is_grantable"":""NO"",""privilege_type"":""INSERT""}"
S12_table_privileges,document_analysis.anon.REFERENCES,table_privilege,"{""grantee"":""anon"",""table_name"":""document_analysis"",""is_grantable"":""NO"",""privilege_type"":""REFERENCES""}"
S12_table_privileges,document_analysis.anon.SELECT,table_privilege,"{""grantee"":""anon"",""table_name"":""document_analysis"",""is_grantable"":""NO"",""privilege_type"":""SELECT""}"
S12_table_privileges,document_analysis.anon.TRIGGER,table_privilege,"{""grantee"":""anon"",""table_name"":""document_analysis"",""is_grantable"":""NO"",""privilege_type"":""TRIGGER""}"
S12_table_privileges,document_analysis.anon.TRUNCATE,table_privilege,"{""grantee"":""anon"",""table_name"":""document_analysis"",""is_grantable"":""NO"",""privilege_type"":""TRUNCATE""}"
S12_table_privileges,document_analysis.anon.UPDATE,table_privilege,"{""grantee"":""anon"",""table_name"":""document_analysis"",""is_grantable"":""NO"",""privilege_type"":""UPDATE""}"
S12_table_privileges,document_analysis.authenticated.DELETE,table_privilege,"{""grantee"":""authenticated"",""table_name"":""document_analysis"",""is_grantable"":""NO"",""privilege_type"":""DELETE""}"
S12_table_privileges,document_analysis.authenticated.INSERT,table_privilege,"{""grantee"":""authenticated"",""table_name"":""document_analysis"",""is_grantable"":""NO"",""privilege_type"":""INSERT""}"
S12_table_privileges,document_analysis.authenticated.REFERENCES,table_privilege,"{""grantee"":""authenticated"",""table_name"":""document_analysis"",""is_grantable"":""NO"",""privilege_type"":""REFERENCES""}"
S12_table_privileges,document_analysis.authenticated.SELECT,table_privilege,"{""grantee"":""authenticated"",""table_name"":""document_analysis"",""is_grantable"":""NO"",""privilege_type"":""SELECT""}"
S12_table_privileges,document_analysis.authenticated.TRIGGER,table_privilege,"{""grantee"":""authenticated"",""table_name"":""document_analysis"",""is_grantable"":""NO"",""privilege_type"":""TRIGGER""}"
S12_table_privileges,document_analysis.authenticated.TRUNCATE,table_privilege,"{""grantee"":""authenticated"",""table_name"":""document_analysis"",""is_grantable"":""NO"",""privilege_type"":""TRUNCATE""}"
S12_table_privileges,document_analysis.authenticated.UPDATE,table_privilege,"{""grantee"":""authenticated"",""table_name"":""document_analysis"",""is_grantable"":""NO"",""privilege_type"":""UPDATE""}"
S12_table_privileges,document_analysis.postgres.DELETE,table_privilege,"{""grantee"":""postgres"",""table_name"":""document_analysis"",""is_grantable"":""YES"",""privilege_type"":""DELETE""}"
S12_table_privileges,document_analysis.postgres.INSERT,table_privilege,"{""grantee"":""postgres"",""table_name"":""document_analysis"",""is_grantable"":""YES"",""privilege_type"":""INSERT""}"
S12_table_privileges,document_analysis.postgres.REFERENCES,table_privilege,"{""grantee"":""postgres"",""table_name"":""document_analysis"",""is_grantable"":""YES"",""privilege_type"":""REFERENCES""}"
S12_table_privileges,document_analysis.postgres.SELECT,table_privilege,"{""grantee"":""postgres"",""table_name"":""document_analysis"",""is_grantable"":""YES"",""privilege_type"":""SELECT""}"
S12_table_privileges,document_analysis.postgres.TRIGGER,table_privilege,"{""grantee"":""postgres"",""table_name"":""document_analysis"",""is_grantable"":""YES"",""privilege_type"":""TRIGGER""}"
S12_table_privileges,document_analysis.postgres.TRUNCATE,table_privilege,"{""grantee"":""postgres"",""table_name"":""document_analysis"",""is_grantable"":""YES"",""privilege_type"":""TRUNCATE""}"
S12_table_privileges,document_analysis.postgres.UPDATE,table_privilege,"{""grantee"":""postgres"",""table_name"":""document_analysis"",""is_grantable"":""YES"",""privilege_type"":""UPDATE""}"
S12_table_privileges,document_analysis.service_role.DELETE,table_privilege,"{""grantee"":""service_role"",""table_name"":""document_analysis"",""is_grantable"":""NO"",""privilege_type"":""DELETE""}"
S12_table_privileges,document_analysis.service_role.INSERT,table_privilege,"{""grantee"":""service_role"",""table_name"":""document_analysis"",""is_grantable"":""NO"",""privilege_type"":""INSERT""}"
S12_table_privileges,document_analysis.service_role.REFERENCES,table_privilege,"{""grantee"":""service_role"",""table_name"":""document_analysis"",""is_grantable"":""NO"",""privilege_type"":""REFERENCES""}"
S12_table_privileges,document_analysis.service_role.SELECT,table_privilege,"{""grantee"":""service_role"",""table_name"":""document_analysis"",""is_grantable"":""NO"",""privilege_type"":""SELECT""}"
S12_table_privileges,document_analysis.service_role.TRIGGER,table_privilege,"{""grantee"":""service_role"",""table_name"":""document_analysis"",""is_grantable"":""NO"",""privilege_type"":""TRIGGER""}"
S12_table_privileges,document_analysis.service_role.TRUNCATE,table_privilege,"{""grantee"":""service_role"",""table_name"":""document_analysis"",""is_grantable"":""NO"",""privilege_type"":""TRUNCATE""}"
S12_table_privileges,document_analysis.service_role.UPDATE,table_privilege,"{""grantee"":""service_role"",""table_name"":""document_analysis"",""is_grantable"":""NO"",""privilege_type"":""UPDATE""}"
S12_table_privileges,documents.anon.DELETE,table_privilege,"{""grantee"":""anon"",""table_name"":""documents"",""is_grantable"":""NO"",""privilege_type"":""DELETE""}"
S12_table_privileges,documents.anon.INSERT,table_privilege,"{""grantee"":""anon"",""table_name"":""documents"",""is_grantable"":""NO"",""privilege_type"":""INSERT""}"
S12_table_privileges,documents.anon.REFERENCES,table_privilege,"{""grantee"":""anon"",""table_name"":""documents"",""is_grantable"":""NO"",""privilege_type"":""REFERENCES""}"
S12_table_privileges,documents.anon.SELECT,table_privilege,"{""grantee"":""anon"",""table_name"":""documents"",""is_grantable"":""NO"",""privilege_type"":""SELECT""}"
S12_table_privileges,documents.anon.TRIGGER,table_privilege,"{""grantee"":""anon"",""table_name"":""documents"",""is_grantable"":""NO"",""privilege_type"":""TRIGGER""}"
S12_table_privileges,documents.anon.TRUNCATE,table_privilege,"{""grantee"":""anon"",""table_name"":""documents"",""is_grantable"":""NO"",""privilege_type"":""TRUNCATE""}"
S12_table_privileges,documents.anon.UPDATE,table_privilege,"{""grantee"":""anon"",""table_name"":""documents"",""is_grantable"":""NO"",""privilege_type"":""UPDATE""}"
S12_table_privileges,documents.authenticated.DELETE,table_privilege,"{""grantee"":""authenticated"",""table_name"":""documents"",""is_grantable"":""NO"",""privilege_type"":""DELETE""}"
S12_table_privileges,documents.authenticated.INSERT,table_privilege,"{""grantee"":""authenticated"",""table_name"":""documents"",""is_grantable"":""NO"",""privilege_type"":""INSERT""}"
S12_table_privileges,documents.authenticated.REFERENCES,table_privilege,"{""grantee"":""authenticated"",""table_name"":""documents"",""is_grantable"":""NO"",""privilege_type"":""REFERENCES""}"
S12_table_privileges,documents.authenticated.SELECT,table_privilege,"{""grantee"":""authenticated"",""table_name"":""documents"",""is_grantable"":""NO"",""privilege_type"":""SELECT""}"
S12_table_privileges,documents.authenticated.TRIGGER,table_privilege,"{""grantee"":""authenticated"",""table_name"":""documents"",""is_grantable"":""NO"",""privilege_type"":""TRIGGER""}"
S12_table_privileges,documents.authenticated.TRUNCATE,table_privilege,"{""grantee"":""authenticated"",""table_name"":""documents"",""is_grantable"":""NO"",""privilege_type"":""TRUNCATE""}"
S12_table_privileges,documents.authenticated.UPDATE,table_privilege,"{""grantee"":""authenticated"",""table_name"":""documents"",""is_grantable"":""NO"",""privilege_type"":""UPDATE""}"
S12_table_privileges,documents.postgres.DELETE,table_privilege,"{""grantee"":""postgres"",""table_name"":""documents"",""is_grantable"":""YES"",""privilege_type"":""DELETE""}"
S12_table_privileges,documents.postgres.INSERT,table_privilege,"{""grantee"":""postgres"",""table_name"":""documents"",""is_grantable"":""YES"",""privilege_type"":""INSERT""}"
S12_table_privileges,documents.postgres.REFERENCES,table_privilege,"{""grantee"":""postgres"",""table_name"":""documents"",""is_grantable"":""YES"",""privilege_type"":""REFERENCES""}"
S12_table_privileges,documents.postgres.SELECT,table_privilege,"{""grantee"":""postgres"",""table_name"":""documents"",""is_grantable"":""YES"",""privilege_type"":""SELECT""}"
S12_table_privileges,documents.postgres.TRIGGER,table_privilege,"{""grantee"":""postgres"",""table_name"":""documents"",""is_grantable"":""YES"",""privilege_type"":""TRIGGER""}"
S12_table_privileges,documents.postgres.TRUNCATE,table_privilege,"{""grantee"":""postgres"",""table_name"":""documents"",""is_grantable"":""YES"",""privilege_type"":""TRUNCATE""}"
S12_table_privileges,documents.postgres.UPDATE,table_privilege,"{""grantee"":""postgres"",""table_name"":""documents"",""is_grantable"":""YES"",""privilege_type"":""UPDATE""}"
S12_table_privileges,documents.service_role.DELETE,table_privilege,"{""grantee"":""service_role"",""table_name"":""documents"",""is_grantable"":""NO"",""privilege_type"":""DELETE""}"
S12_table_privileges,documents.service_role.INSERT,table_privilege,"{""grantee"":""service_role"",""table_name"":""documents"",""is_grantable"":""NO"",""privilege_type"":""INSERT""}"
S12_table_privileges,documents.service_role.REFERENCES,table_privilege,"{""grantee"":""service_role"",""table_name"":""documents"",""is_grantable"":""NO"",""privilege_type"":""REFERENCES""}"
S12_table_privileges,documents.service_role.SELECT,table_privilege,"{""grantee"":""service_role"",""table_name"":""documents"",""is_grantable"":""NO"",""privilege_type"":""SELECT""}"
S12_table_privileges,documents.service_role.TRIGGER,table_privilege,"{""grantee"":""service_role"",""table_name"":""documents"",""is_grantable"":""NO"",""privilege_type"":""TRIGGER""}"
S12_table_privileges,documents.service_role.TRUNCATE,table_privilege,"{""grantee"":""service_role"",""table_name"":""documents"",""is_grantable"":""NO"",""privilege_type"":""TRUNCATE""}"
S12_table_privileges,documents.service_role.UPDATE,table_privilege,"{""grantee"":""service_role"",""table_name"":""documents"",""is_grantable"":""NO"",""privilege_type"":""UPDATE""}"
S12_table_privileges,generation_jobs.anon.DELETE,table_privilege,"{""grantee"":""anon"",""table_name"":""generation_jobs"",""is_grantable"":""NO"",""privilege_type"":""DELETE""}"
S12_table_privileges,generation_jobs.anon.INSERT,table_privilege,"{""grantee"":""anon"",""table_name"":""generation_jobs"",""is_grantable"":""NO"",""privilege_type"":""INSERT""}"
S12_table_privileges,generation_jobs.anon.REFERENCES,table_privilege,"{""grantee"":""anon"",""table_name"":""generation_jobs"",""is_grantable"":""NO"",""privilege_type"":""REFERENCES""}"
S12_table_privileges,generation_jobs.anon.SELECT,table_privilege,"{""grantee"":""anon"",""table_name"":""generation_jobs"",""is_grantable"":""NO"",""privilege_type"":""SELECT""}"
S12_table_privileges,generation_jobs.anon.TRIGGER,table_privilege,"{""grantee"":""anon"",""table_name"":""generation_jobs"",""is_grantable"":""NO"",""privilege_type"":""TRIGGER""}"
S12_table_privileges,generation_jobs.anon.TRUNCATE,table_privilege,"{""grantee"":""anon"",""table_name"":""generation_jobs"",""is_grantable"":""NO"",""privilege_type"":""TRUNCATE""}"
S12_table_privileges,generation_jobs.anon.UPDATE,table_privilege,"{""grantee"":""anon"",""table_name"":""generation_jobs"",""is_grantable"":""NO"",""privilege_type"":""UPDATE""}"
S12_table_privileges,generation_jobs.authenticated.DELETE,table_privilege,"{""grantee"":""authenticated"",""table_name"":""generation_jobs"",""is_grantable"":""NO"",""privilege_type"":""DELETE""}"
S12_table_privileges,generation_jobs.authenticated.INSERT,table_privilege,"{""grantee"":""authenticated"",""table_name"":""generation_jobs"",""is_grantable"":""NO"",""privilege_type"":""INSERT""}"
S12_table_privileges,generation_jobs.authenticated.REFERENCES,table_privilege,"{""grantee"":""authenticated"",""table_name"":""generation_jobs"",""is_grantable"":""NO"",""privilege_type"":""REFERENCES""}"
S12_table_privileges,generation_jobs.authenticated.SELECT,table_privilege,"{""grantee"":""authenticated"",""table_name"":""generation_jobs"",""is_grantable"":""NO"",""privilege_type"":""SELECT""}"
S12_table_privileges,generation_jobs.authenticated.TRIGGER,table_privilege,"{""grantee"":""authenticated"",""table_name"":""generation_jobs"",""is_grantable"":""NO"",""privilege_type"":""TRIGGER""}"
S12_table_privileges,generation_jobs.authenticated.TRUNCATE,table_privilege,"{""grantee"":""authenticated"",""table_name"":""generation_jobs"",""is_grantable"":""NO"",""privilege_type"":""TRUNCATE""}"
S12_table_privileges,generation_jobs.authenticated.UPDATE,table_privilege,"{""grantee"":""authenticated"",""table_name"":""generation_jobs"",""is_grantable"":""NO"",""privilege_type"":""UPDATE""}"
S12_table_privileges,generation_jobs.postgres.DELETE,table_privilege,"{""grantee"":""postgres"",""table_name"":""generation_jobs"",""is_grantable"":""YES"",""privilege_type"":""DELETE""}"
S12_table_privileges,generation_jobs.postgres.INSERT,table_privilege,"{""grantee"":""postgres"",""table_name"":""generation_jobs"",""is_grantable"":""YES"",""privilege_type"":""INSERT""}"
S12_table_privileges,generation_jobs.postgres.REFERENCES,table_privilege,"{""grantee"":""postgres"",""table_name"":""generation_jobs"",""is_grantable"":""YES"",""privilege_type"":""REFERENCES""}"
S12_table_privileges,generation_jobs.postgres.SELECT,table_privilege,"{""grantee"":""postgres"",""table_name"":""generation_jobs"",""is_grantable"":""YES"",""privilege_type"":""SELECT""}"
S12_table_privileges,generation_jobs.postgres.TRIGGER,table_privilege,"{""grantee"":""postgres"",""table_name"":""generation_jobs"",""is_grantable"":""YES"",""privilege_type"":""TRIGGER""}"
S12_table_privileges,generation_jobs.postgres.TRUNCATE,table_privilege,"{""grantee"":""postgres"",""table_name"":""generation_jobs"",""is_grantable"":""YES"",""privilege_type"":""TRUNCATE""}"
S12_table_privileges,generation_jobs.postgres.UPDATE,table_privilege,"{""grantee"":""postgres"",""table_name"":""generation_jobs"",""is_grantable"":""YES"",""privilege_type"":""UPDATE""}"
S12_table_privileges,generation_jobs.service_role.DELETE,table_privilege,"{""grantee"":""service_role"",""table_name"":""generation_jobs"",""is_grantable"":""NO"",""privilege_type"":""DELETE""}"
S12_table_privileges,generation_jobs.service_role.INSERT,table_privilege,"{""grantee"":""service_role"",""table_name"":""generation_jobs"",""is_grantable"":""NO"",""privilege_type"":""INSERT""}"
S12_table_privileges,generation_jobs.service_role.REFERENCES,table_privilege,"{""grantee"":""service_role"",""table_name"":""generation_jobs"",""is_grantable"":""NO"",""privilege_type"":""REFERENCES""}"
S12_table_privileges,generation_jobs.service_role.SELECT,table_privilege,"{""grantee"":""service_role"",""table_name"":""generation_jobs"",""is_grantable"":""NO"",""privilege_type"":""SELECT""}"
S12_table_privileges,generation_jobs.service_role.TRIGGER,table_privilege,"{""grantee"":""service_role"",""table_name"":""generation_jobs"",""is_grantable"":""NO"",""privilege_type"":""TRIGGER""}"
S12_table_privileges,generation_jobs.service_role.TRUNCATE,table_privilege,"{""grantee"":""service_role"",""table_name"":""generation_jobs"",""is_grantable"":""NO"",""privilege_type"":""TRUNCATE""}"
S12_table_privileges,generation_jobs.service_role.UPDATE,table_privilege,"{""grantee"":""service_role"",""table_name"":""generation_jobs"",""is_grantable"":""NO"",""privilege_type"":""UPDATE""}"
S12_table_privileges,study_visuals.anon.DELETE,table_privilege,"{""grantee"":""anon"",""table_name"":""study_visuals"",""is_grantable"":""NO"",""privilege_type"":""DELETE""}"
S12_table_privileges,study_visuals.anon.INSERT,table_privilege,"{""grantee"":""anon"",""table_name"":""study_visuals"",""is_grantable"":""NO"",""privilege_type"":""INSERT""}"
S12_table_privileges,study_visuals.anon.REFERENCES,table_privilege,"{""grantee"":""anon"",""table_name"":""study_visuals"",""is_grantable"":""NO"",""privilege_type"":""REFERENCES""}"
S12_table_privileges,study_visuals.anon.SELECT,table_privilege,"{""grantee"":""anon"",""table_name"":""study_visuals"",""is_grantable"":""NO"",""privilege_type"":""SELECT""}"
S12_table_privileges,study_visuals.anon.TRIGGER,table_privilege,"{""grantee"":""anon"",""table_name"":""study_visuals"",""is_grantable"":""NO"",""privilege_type"":""TRIGGER""}"
S12_table_privileges,study_visuals.anon.TRUNCATE,table_privilege,"{""grantee"":""anon"",""table_name"":""study_visuals"",""is_grantable"":""NO"",""privilege_type"":""TRUNCATE""}"
S12_table_privileges,study_visuals.anon.UPDATE,table_privilege,"{""grantee"":""anon"",""table_name"":""study_visuals"",""is_grantable"":""NO"",""privilege_type"":""UPDATE""}"
S12_table_privileges,study_visuals.authenticated.DELETE,table_privilege,"{""grantee"":""authenticated"",""table_name"":""study_visuals"",""is_grantable"":""NO"",""privilege_type"":""DELETE""}"
S12_table_privileges,study_visuals.authenticated.INSERT,table_privilege,"{""grantee"":""authenticated"",""table_name"":""study_visuals"",""is_grantable"":""NO"",""privilege_type"":""INSERT""}"
S12_table_privileges,study_visuals.authenticated.REFERENCES,table_privilege,"{""grantee"":""authenticated"",""table_name"":""study_visuals"",""is_grantable"":""NO"",""privilege_type"":""REFERENCES""}"
S12_table_privileges,study_visuals.authenticated.SELECT,table_privilege,"{""grantee"":""authenticated"",""table_name"":""study_visuals"",""is_grantable"":""NO"",""privilege_type"":""SELECT""}"
S12_table_privileges,study_visuals.authenticated.TRIGGER,table_privilege,"{""grantee"":""authenticated"",""table_name"":""study_visuals"",""is_grantable"":""NO"",""privilege_type"":""TRIGGER""}"
S12_table_privileges,study_visuals.authenticated.TRUNCATE,table_privilege,"{""grantee"":""authenticated"",""table_name"":""study_visuals"",""is_grantable"":""NO"",""privilege_type"":""TRUNCATE""}"
S12_table_privileges,study_visuals.authenticated.UPDATE,table_privilege,"{""grantee"":""authenticated"",""table_name"":""study_visuals"",""is_grantable"":""NO"",""privilege_type"":""UPDATE""}"
S12_table_privileges,study_visuals.postgres.DELETE,table_privilege,"{""grantee"":""postgres"",""table_name"":""study_visuals"",""is_grantable"":""YES"",""privilege_type"":""DELETE""}"
S12_table_privileges,study_visuals.postgres.INSERT,table_privilege,"{""grantee"":""postgres"",""table_name"":""study_visuals"",""is_grantable"":""YES"",""privilege_type"":""INSERT""}"
S12_table_privileges,study_visuals.postgres.REFERENCES,table_privilege,"{""grantee"":""postgres"",""table_name"":""study_visuals"",""is_grantable"":""YES"",""privilege_type"":""REFERENCES""}"
S12_table_privileges,study_visuals.postgres.SELECT,table_privilege,"{""grantee"":""postgres"",""table_name"":""study_visuals"",""is_grantable"":""YES"",""privilege_type"":""SELECT""}"
S12_table_privileges,study_visuals.postgres.TRIGGER,table_privilege,"{""grantee"":""postgres"",""table_name"":""study_visuals"",""is_grantable"":""YES"",""privilege_type"":""TRIGGER""}"
S12_table_privileges,study_visuals.postgres.TRUNCATE,table_privilege,"{""grantee"":""postgres"",""table_name"":""study_visuals"",""is_grantable"":""YES"",""privilege_type"":""TRUNCATE""}"
S12_table_privileges,study_visuals.postgres.UPDATE,table_privilege,"{""grantee"":""postgres"",""table_name"":""study_visuals"",""is_grantable"":""YES"",""privilege_type"":""UPDATE""}"
S12_table_privileges,study_visuals.service_role.DELETE,table_privilege,"{""grantee"":""service_role"",""table_name"":""study_visuals"",""is_grantable"":""NO"",""privilege_type"":""DELETE""}"
S12_table_privileges,study_visuals.service_role.INSERT,table_privilege,"{""grantee"":""service_role"",""table_name"":""study_visuals"",""is_grantable"":""NO"",""privilege_type"":""INSERT""}"
S12_table_privileges,study_visuals.service_role.REFERENCES,table_privilege,"{""grantee"":""service_role"",""table_name"":""study_visuals"",""is_grantable"":""NO"",""privilege_type"":""REFERENCES""}"
S12_table_privileges,study_visuals.service_role.SELECT,table_privilege,"{""grantee"":""service_role"",""table_name"":""study_visuals"",""is_grantable"":""NO"",""privilege_type"":""SELECT""}"
S12_table_privileges,study_visuals.service_role.TRIGGER,table_privilege,"{""grantee"":""service_role"",""table_name"":""study_visuals"",""is_grantable"":""NO"",""privilege_type"":""TRIGGER""}"
S12_table_privileges,study_visuals.service_role.TRUNCATE,table_privilege,"{""grantee"":""service_role"",""table_name"":""study_visuals"",""is_grantable"":""NO"",""privilege_type"":""TRUNCATE""}"
S12_table_privileges,study_visuals.service_role.UPDATE,table_privilege,"{""grantee"":""service_role"",""table_name"":""study_visuals"",""is_grantable"":""NO"",""privilege_type"":""UPDATE""}"
S17_extensions,pg_stat_statements,extension,"{""extname"":""pg_stat_statements"",""extversion"":""1.11"",""extrelocatable"":true}"
S17_extensions,pgcrypto,extension,"{""extname"":""pgcrypto"",""extversion"":""1.3"",""extrelocatable"":true}"
S17_extensions,plpgsql,extension,"{""extname"":""plpgsql"",""extversion"":""1.0"",""extrelocatable"":false}"
S17_extensions,supabase_vault,extension,"{""extname"":""supabase_vault"",""extversion"":""0.3.1"",""extrelocatable"":false}"
S17_extensions,uuid-ossp,extension,"{""extname"":""uuid-ossp"",""extversion"":""1.1"",""extrelocatable"":true}"
S18_storage_bucket,study-visuals,bucket,"{""id"":""study-visuals"",""name"":""study-visuals"",""owner"":null,""public"":true,""created_at"":""2026-07-03T11:29:30.755148+00:00"",""updated_at"":""2026-07-03T11:29:30.755148+00:00"",""file_size_limit"":null,""allowed_mime_types"":null,""avif_autodetection"":false}"
S19_storage_object_policies,For full customization 137qt67_0,storage_policy,"{""cmd"":""SELECT"",""qual"":""((bucket_id = 'study-visuals'::text) AND ((auth.uid())::text = (storage.foldername(name))[1]))"",""roles"":[""authenticated""],""permissive"":""PERMISSIVE"",""policyname"":""For full customization 137qt67_0"",""with_check"":null}"
S19_storage_object_policies,For full customization 137qt67_1,storage_policy,"{""cmd"":""INSERT"",""qual"":null,""roles"":[""authenticated""],""permissive"":""PERMISSIVE"",""policyname"":""For full customization 137qt67_1"",""with_check"":""((bucket_id = 'study-visuals'::text) AND ((auth.uid())::text = (storage.foldername(name))[1]))""}"
S19_storage_object_policies,For full customization 137qt67_2,storage_policy,"{""cmd"":""UPDATE"",""qual"":""((bucket_id = 'study-visuals'::text) AND ((auth.uid())::text = (storage.foldername(name))[1]))"",""roles"":[""authenticated""],""permissive"":""PERMISSIVE"",""policyname"":""For full customization 137qt67_2"",""with_check"":null}"
S19_storage_object_policies,For full customization 137qt67_3,storage_policy,"{""cmd"":""DELETE"",""qual"":""((bucket_id = 'study-visuals'::text) AND ((auth.uid())::text = (storage.foldername(name))[1]))"",""roles"":[""authenticated""],""permissive"":""PERMISSIVE"",""policyname"":""For full customization 137qt67_3"",""with_check"":null}"
S19_storage_object_policies,Users can delete own files,storage_policy,"{""cmd"":""DELETE"",""qual"":""((bucket_id = 'study-documents'::text) AND ((auth.uid())::text = (storage.foldername(name))[1]))"",""roles"":[""authenticated""],""permissive"":""PERMISSIVE"",""policyname"":""Users can delete own files"",""with_check"":null}"
S19_storage_object_policies,Users can read own files,storage_policy,"{""cmd"":""SELECT"",""qual"":""((bucket_id = 'study-documents'::text) AND ((auth.uid())::text = (storage.foldername(name))[1]))"",""roles"":[""authenticated""],""permissive"":""PERMISSIVE"",""policyname"":""Users can read own files"",""with_check"":null}"
S19_storage_object_policies,Users can upload to own folder,storage_policy,"{""cmd"":""INSERT"",""qual"":null,""roles"":[""authenticated""],""permissive"":""PERMISSIVE"",""policyname"":""Users can upload to own folder"",""with_check"":""((bucket_id = 'study-documents'::text) AND ((auth.uid())::text = (storage.foldername(name))[1]))""}"
S19_storage_object_policies,recordings_delete,storage_policy,"{""cmd"":""DELETE"",""qual"":""((bucket_id = 'recordings'::text) AND ((auth.uid())::text = (storage.foldername(name))[1]))"",""roles"":[""public""],""permissive"":""PERMISSIVE"",""policyname"":""recordings_delete"",""with_check"":null}"
S19_storage_object_policies,recordings_read,storage_policy,"{""cmd"":""SELECT"",""qual"":""((bucket_id = 'recordings'::text) AND ((auth.uid())::text = (storage.foldername(name))[1]))"",""roles"":[""public""],""permissive"":""PERMISSIVE"",""policyname"":""recordings_read"",""with_check"":null}"
S19_storage_object_policies,recordings_update,storage_policy,"{""cmd"":""UPDATE"",""qual"":""((bucket_id = 'recordings'::text) AND ((auth.uid())::text = (storage.foldername(name))[1]))"",""roles"":[""public""],""permissive"":""PERMISSIVE"",""policyname"":""recordings_update"",""with_check"":""((bucket_id = 'recordings'::text) AND ((auth.uid())::text = (storage.foldername(name))[1]))""}"
S19_storage_object_policies,recordings_upload,storage_policy,"{""cmd"":""INSERT"",""qual"":null,""roles"":[""public""],""permissive"":""PERMISSIVE"",""policyname"":""recordings_upload"",""with_check"":""((bucket_id = 'recordings'::text) AND ((auth.uid())::text = (storage.foldername(name))[1]))""}"
S2_columns,document_analysis.concept_graph,column,"{""udt_name"":""jsonb"",""data_type"":""jsonb"",""table_name"":""document_analysis"",""column_name"":""concept_graph"",""is_identity"":""NO"",""is_nullable"":""YES"",""is_generated"":""NEVER"",""numeric_scale"":null,""column_default"":null,""ordinal_position"":21,""numeric_precision"":null,""identity_generation"":null,""generation_expression"":null,""character_maximum_length"":null}"
S2_columns,document_analysis.created_at,column,"{""udt_name"":""timestamptz"",""data_type"":""timestamp with time zone"",""table_name"":""document_analysis"",""column_name"":""created_at"",""is_identity"":""NO"",""is_nullable"":""NO"",""is_generated"":""NEVER"",""numeric_scale"":null,""column_default"":""now()"",""ordinal_position"":15,""numeric_precision"":null,""identity_generation"":null,""generation_expression"":null,""character_maximum_length"":null}"
S2_columns,document_analysis.definitions,column,"{""udt_name"":""jsonb"",""data_type"":""jsonb"",""table_name"":""document_analysis"",""column_name"":""definitions"",""is_identity"":""NO"",""is_nullable"":""NO"",""is_generated"":""NEVER"",""numeric_scale"":null,""column_default"":""'[]'::jsonb"",""ordinal_position"":9,""numeric_precision"":null,""identity_generation"":null,""generation_expression"":null,""character_maximum_length"":null}"
S2_columns,document_analysis.difficulty_level,column,"{""udt_name"":""text"",""data_type"":""text"",""table_name"":""document_analysis"",""column_name"":""difficulty_level"",""is_identity"":""NO"",""is_nullable"":""NO"",""is_generated"":""NEVER"",""numeric_scale"":null,""column_default"":null,""ordinal_position"":5,""numeric_precision"":null,""identity_generation"":null,""generation_expression"":null,""character_maximum_length"":null}"
S2_columns,document_analysis.document_id,column,"{""udt_name"":""uuid"",""data_type"":""uuid"",""table_name"":""document_analysis"",""column_name"":""document_id"",""is_identity"":""NO"",""is_nullable"":""NO"",""is_generated"":""NEVER"",""numeric_scale"":null,""column_default"":null,""ordinal_position"":2,""numeric_precision"":null,""identity_generation"":null,""generation_expression"":null,""character_maximum_length"":null}"
S2_columns,document_analysis.estimated_study_minutes,column,"{""udt_name"":""int4"",""data_type"":""integer"",""table_name"":""document_analysis"",""column_name"":""estimated_study_minutes"",""is_identity"":""NO"",""is_nullable"":""YES"",""is_generated"":""NEVER"",""numeric_scale"":0,""column_default"":null,""ordinal_position"":6,""numeric_precision"":32,""identity_generation"":null,""generation_expression"":null,""character_maximum_length"":null}"
S2_columns,document_analysis.examples,column,"{""udt_name"":""jsonb"",""data_type"":""jsonb"",""table_name"":""document_analysis"",""column_name"":""examples"",""is_identity"":""NO"",""is_nullable"":""NO"",""is_generated"":""NEVER"",""numeric_scale"":null,""column_default"":""'[]'::jsonb"",""ordinal_position"":11,""numeric_precision"":null,""identity_generation"":null,""generation_expression"":null,""character_maximum_length"":null}"
S2_columns,document_analysis.formulas,column,"{""udt_name"":""jsonb"",""data_type"":""jsonb"",""table_name"":""document_analysis"",""column_name"":""formulas"",""is_identity"":""NO"",""is_nullable"":""NO"",""is_generated"":""NEVER"",""numeric_scale"":null,""column_default"":""'[]'::jsonb"",""ordinal_position"":10,""numeric_precision"":null,""identity_generation"":null,""generation_expression"":null,""character_maximum_length"":null}"
S2_columns,document_analysis.id,column,"{""udt_name"":""uuid"",""data_type"":""uuid"",""table_name"":""document_analysis"",""column_name"":""id"",""is_identity"":""NO"",""is_nullable"":""NO"",""is_generated"":""NEVER"",""numeric_scale"":null,""column_default"":""gen_random_uuid()"",""ordinal_position"":1,""numeric_precision"":null,""identity_generation"":null,""generation_expression"":null,""character_maximum_length"":null}"
S2_columns,document_analysis.key_concepts,column,"{""udt_name"":""jsonb"",""data_type"":""jsonb"",""table_name"":""document_analysis"",""column_name"":""key_concepts"",""is_identity"":""NO"",""is_nullable"":""NO"",""is_generated"":""NEVER"",""numeric_scale"":null,""column_default"":""'[]'::jsonb"",""ordinal_position"":8,""numeric_precision"":null,""identity_generation"":null,""generation_expression"":null,""character_maximum_length"":null}"
S2_columns,document_analysis.keywords,column,"{""udt_name"":""_text"",""data_type"":""ARRAY"",""table_name"":""document_analysis"",""column_name"":""keywords"",""is_identity"":""NO"",""is_nullable"":""NO"",""is_generated"":""NEVER"",""numeric_scale"":null,""column_default"":""'{}'::text[]"",""ordinal_position"":12,""numeric_precision"":null,""identity_generation"":null,""generation_expression"":null,""character_maximum_length"":null}"
S2_columns,document_analysis.learning_objectives,column,"{""udt_name"":""jsonb"",""data_type"":""jsonb"",""table_name"":""document_analysis"",""column_name"":""learning_objectives"",""is_identity"":""NO"",""is_nullable"":""NO"",""is_generated"":""NEVER"",""numeric_scale"":null,""column_default"":""'[]'::jsonb"",""ordinal_position"":16,""numeric_precision"":null,""identity_generation"":null,""generation_expression"":null,""character_maximum_length"":null}"
S2_columns,document_analysis.learning_path,column,"{""udt_name"":""jsonb"",""data_type"":""jsonb"",""table_name"":""document_analysis"",""column_name"":""learning_path"",""is_identity"":""NO"",""is_nullable"":""YES"",""is_generated"":""NEVER"",""numeric_scale"":null,""column_default"":null,""ordinal_position"":22,""numeric_precision"":null,""identity_generation"":null,""generation_expression"":null,""character_maximum_length"":null}"
S2_columns,document_analysis.likely_exam_topics,column,"{""udt_name"":""jsonb"",""data_type"":""jsonb"",""table_name"":""document_analysis"",""column_name"":""likely_exam_topics"",""is_identity"":""NO"",""is_nullable"":""NO"",""is_generated"":""NEVER"",""numeric_scale"":null,""column_default"":""'[]'::jsonb"",""ordinal_position"":13,""numeric_precision"":null,""identity_generation"":null,""generation_expression"":null,""character_maximum_length"":null}"
S2_columns,document_analysis.misconceptions,column,"{""udt_name"":""jsonb"",""data_type"":""jsonb"",""table_name"":""document_analysis"",""column_name"":""misconceptions"",""is_identity"":""NO"",""is_nullable"":""NO"",""is_generated"":""NEVER"",""numeric_scale"":null,""column_default"":""'[]'::jsonb"",""ordinal_position"":17,""numeric_precision"":null,""identity_generation"":null,""generation_expression"":null,""character_maximum_length"":null}"
S2_columns,document_analysis.model,column,"{""udt_name"":""text"",""data_type"":""text"",""table_name"":""document_analysis"",""column_name"":""model"",""is_identity"":""NO"",""is_nullable"":""NO"",""is_generated"":""NEVER"",""numeric_scale"":null,""column_default"":null,""ordinal_position"":14,""numeric_precision"":null,""identity_generation"":null,""generation_expression"":null,""character_maximum_length"":null}"
S2_columns,document_analysis.prerequisites,column,"{""udt_name"":""jsonb"",""data_type"":""jsonb"",""table_name"":""document_analysis"",""column_name"":""prerequisites"",""is_identity"":""NO"",""is_nullable"":""NO"",""is_generated"":""NEVER"",""numeric_scale"":null,""column_default"":""'[]'::jsonb"",""ordinal_position"":19,""numeric_precision"":null,""identity_generation"":null,""generation_expression"":null,""character_maximum_length"":null}"
S2_columns,document_analysis.relationships,column,"{""udt_name"":""jsonb"",""data_type"":""jsonb"",""table_name"":""document_analysis"",""column_name"":""relationships"",""is_identity"":""NO"",""is_nullable"":""NO"",""is_generated"":""NEVER"",""numeric_scale"":null,""column_default"":""'[]'::jsonb"",""ordinal_position"":18,""numeric_precision"":null,""identity_generation"":null,""generation_expression"":null,""character_maximum_length"":null}"
S2_columns,document_analysis.sections,column,"{""udt_name"":""jsonb"",""data_type"":""jsonb"",""table_name"":""document_analysis"",""column_name"":""sections"",""is_identity"":""NO"",""is_nullable"":""NO"",""is_generated"":""NEVER"",""numeric_scale"":null,""column_default"":""'[]'::jsonb"",""ordinal_position"":7,""numeric_precision"":null,""identity_generation"":null,""generation_expression"":null,""character_maximum_length"":null}"
S2_columns,document_analysis.subject_area,column,"{""udt_name"":""text"",""data_type"":""text"",""table_name"":""document_analysis"",""column_name"":""subject_area"",""is_identity"":""NO"",""is_nullable"":""NO"",""is_generated"":""NEVER"",""numeric_scale"":null,""column_default"":null,""ordinal_position"":4,""numeric_precision"":null,""identity_generation"":null,""generation_expression"":null,""character_maximum_length"":null}"
S2_columns,document_analysis.tables,column,"{""udt_name"":""jsonb"",""data_type"":""jsonb"",""table_name"":""document_analysis"",""column_name"":""tables"",""is_identity"":""NO"",""is_nullable"":""NO"",""is_generated"":""NEVER"",""numeric_scale"":null,""column_default"":""'[]'::jsonb"",""ordinal_position"":20,""numeric_precision"":null,""identity_generation"":null,""generation_expression"":null,""character_maximum_length"":null}"
S2_columns,document_analysis.user_id,column,"{""udt_name"":""uuid"",""data_type"":""uuid"",""table_name"":""document_analysis"",""column_name"":""user_id"",""is_identity"":""NO"",""is_nullable"":""NO"",""is_generated"":""NEVER"",""numeric_scale"":null,""column_default"":null,""ordinal_position"":3,""numeric_precision"":null,""identity_generation"":null,""generation_expression"":null,""character_maximum_length"":null}"
S2_columns,documents.created_at,column,"{""udt_name"":""timestamptz"",""data_type"":""timestamp with time zone"",""table_name"":""documents"",""column_name"":""created_at"",""is_identity"":""NO"",""is_nullable"":""YES"",""is_generated"":""NEVER"",""numeric_scale"":null,""column_default"":""now()"",""ordinal_position"":7,""numeric_precision"":null,""identity_generation"":null,""generation_expression"":null,""character_maximum_length"":null}"
S2_columns,documents.extracted_text,column,"{""udt_name"":""text"",""data_type"":""text"",""table_name"":""documents"",""column_name"":""extracted_text"",""is_identity"":""NO"",""is_nullable"":""YES"",""is_generated"":""NEVER"",""numeric_scale"":null,""column_default"":null,""ordinal_position"":6,""numeric_precision"":null,""identity_generation"":null,""generation_expression"":null,""character_maximum_length"":null}"
S2_columns,documents.file_path,column,"{""udt_name"":""text"",""data_type"":""text"",""table_name"":""documents"",""column_name"":""file_path"",""is_identity"":""NO"",""is_nullable"":""YES"",""is_generated"":""NEVER"",""numeric_scale"":null,""column_default"":null,""ordinal_position"":4,""numeric_precision"":null,""identity_generation"":null,""generation_expression"":null,""character_maximum_length"":null}"
S2_columns,documents.file_type,column,"{""udt_name"":""text"",""data_type"":""text"",""table_name"":""documents"",""column_name"":""file_type"",""is_identity"":""NO"",""is_nullable"":""YES"",""is_generated"":""NEVER"",""numeric_scale"":null,""column_default"":null,""ordinal_position"":5,""numeric_precision"":null,""identity_generation"":null,""generation_expression"":null,""character_maximum_length"":null}"
S2_columns,documents.id,column,"{""udt_name"":""uuid"",""data_type"":""uuid"",""table_name"":""documents"",""column_name"":""id"",""is_identity"":""NO"",""is_nullable"":""NO"",""is_generated"":""NEVER"",""numeric_scale"":null,""column_default"":""gen_random_uuid()"",""ordinal_position"":1,""numeric_precision"":null,""identity_generation"":null,""generation_expression"":null,""character_maximum_length"":null}"
S2_columns,documents.source_recording_id,column,"{""udt_name"":""uuid"",""data_type"":""uuid"",""table_name"":""documents"",""column_name"":""source_recording_id"",""is_identity"":""NO"",""is_nullable"":""YES"",""is_generated"":""NEVER"",""numeric_scale"":null,""column_default"":null,""ordinal_position"":10,""numeric_precision"":null,""identity_generation"":null,""generation_expression"":null,""character_maximum_length"":null}"
S2_columns,documents.source_type,column,"{""udt_name"":""text"",""data_type"":""text"",""table_name"":""documents"",""column_name"":""source_type"",""is_identity"":""NO"",""is_nullable"":""YES"",""is_generated"":""NEVER"",""numeric_scale"":null,""column_default"":null,""ordinal_position"":9,""numeric_precision"":null,""identity_generation"":null,""generation_expression"":null,""character_maximum_length"":null}"
S2_columns,documents.subject_id,column,"{""udt_name"":""uuid"",""data_type"":""uuid"",""table_name"":""documents"",""column_name"":""subject_id"",""is_identity"":""NO"",""is_nullable"":""YES"",""is_generated"":""NEVER"",""numeric_scale"":null,""column_default"":null,""ordinal_position"":8,""numeric_precision"":null,""identity_generation"":null,""generation_expression"":null,""character_maximum_length"":null}"
S2_columns,documents.title,column,"{""udt_name"":""text"",""data_type"":""text"",""table_name"":""documents"",""column_name"":""title"",""is_identity"":""NO"",""is_nullable"":""NO"",""is_generated"":""NEVER"",""numeric_scale"":null,""column_default"":null,""ordinal_position"":3,""numeric_precision"":null,""identity_generation"":null,""generation_expression"":null,""character_maximum_length"":null}"
S2_columns,documents.user_id,column,"{""udt_name"":""uuid"",""data_type"":""uuid"",""table_name"":""documents"",""column_name"":""user_id"",""is_identity"":""NO"",""is_nullable"":""YES"",""is_generated"":""NEVER"",""numeric_scale"":null,""column_default"":null,""ordinal_position"":2,""numeric_precision"":null,""identity_generation"":null,""generation_expression"":null,""character_maximum_length"":null}"
S2_columns,generation_jobs.completed_at,column,"{""udt_name"":""timestamptz"",""data_type"":""timestamp with time zone"",""table_name"":""generation_jobs"",""column_name"":""completed_at"",""is_identity"":""NO"",""is_nullable"":""YES"",""is_generated"":""NEVER"",""numeric_scale"":null,""column_default"":null,""ordinal_position"":13,""numeric_precision"":null,""identity_generation"":null,""generation_expression"":null,""character_maximum_length"":null}"
S2_columns,generation_jobs.correlation_id,column,"{""udt_name"":""text"",""data_type"":""text"",""table_name"":""generation_jobs"",""column_name"":""correlation_id"",""is_identity"":""NO"",""is_nullable"":""YES"",""is_generated"":""NEVER"",""numeric_scale"":null,""column_default"":null,""ordinal_position"":9,""numeric_precision"":null,""identity_generation"":null,""generation_expression"":null,""character_maximum_length"":null}"
S2_columns,generation_jobs.created_at,column,"{""udt_name"":""timestamptz"",""data_type"":""timestamp with time zone"",""table_name"":""generation_jobs"",""column_name"":""created_at"",""is_identity"":""NO"",""is_nullable"":""NO"",""is_generated"":""NEVER"",""numeric_scale"":null,""column_default"":""now()"",""ordinal_position"":10,""numeric_precision"":null,""identity_generation"":null,""generation_expression"":null,""character_maximum_length"":null}"
S2_columns,generation_jobs.document_id,column,"{""udt_name"":""uuid"",""data_type"":""uuid"",""table_name"":""generation_jobs"",""column_name"":""document_id"",""is_identity"":""NO"",""is_nullable"":""YES"",""is_generated"":""NEVER"",""numeric_scale"":null,""column_default"":null,""ordinal_position"":3,""numeric_precision"":null,""identity_generation"":null,""generation_expression"":null,""character_maximum_length"":null}"
S2_columns,generation_jobs.error,column,"{""udt_name"":""text"",""data_type"":""text"",""table_name"":""generation_jobs"",""column_name"":""error"",""is_identity"":""NO"",""is_nullable"":""YES"",""is_generated"":""NEVER"",""numeric_scale"":null,""column_default"":null,""ordinal_position"":8,""numeric_precision"":null,""identity_generation"":null,""generation_expression"":null,""character_maximum_length"":null}"
S2_columns,generation_jobs.id,column,"{""udt_name"":""uuid"",""data_type"":""uuid"",""table_name"":""generation_jobs"",""column_name"":""id"",""is_identity"":""NO"",""is_nullable"":""NO"",""is_generated"":""NEVER"",""numeric_scale"":null,""column_default"":""gen_random_uuid()"",""ordinal_position"":1,""numeric_precision"":null,""identity_generation"":null,""generation_expression"":null,""character_maximum_length"":null}"
S2_columns,generation_jobs.input_data,column,"{""udt_name"":""jsonb"",""data_type"":""jsonb"",""table_name"":""generation_jobs"",""column_name"":""input_data"",""is_identity"":""NO"",""is_nullable"":""YES"",""is_generated"":""NEVER"",""numeric_scale"":null,""column_default"":null,""ordinal_position"":6,""numeric_precision"":null,""identity_generation"":null,""generation_expression"":null,""character_maximum_length"":null}"
S2_columns,generation_jobs.job_type,column,"{""udt_name"":""text"",""data_type"":""text"",""table_name"":""generation_jobs"",""column_name"":""job_type"",""is_identity"":""NO"",""is_nullable"":""NO"",""is_generated"":""NEVER"",""numeric_scale"":null,""column_default"":null,""ordinal_position"":4,""numeric_precision"":null,""identity_generation"":null,""generation_expression"":null,""character_maximum_length"":null}"
S2_columns,generation_jobs.result_data,column,"{""udt_name"":""jsonb"",""data_type"":""jsonb"",""table_name"":""generation_jobs"",""column_name"":""result_data"",""is_identity"":""NO"",""is_nullable"":""YES"",""is_generated"":""NEVER"",""numeric_scale"":null,""column_default"":null,""ordinal_position"":7,""numeric_precision"":null,""identity_generation"":null,""generation_expression"":null,""character_maximum_length"":null}"
S2_columns,generation_jobs.started_at,column,"{""udt_name"":""timestamptz"",""data_type"":""timestamp with time zone"",""table_name"":""generation_jobs"",""column_name"":""started_at"",""is_identity"":""NO"",""is_nullable"":""YES"",""is_generated"":""NEVER"",""numeric_scale"":null,""column_default"":null,""ordinal_position"":12,""numeric_precision"":null,""identity_generation"":null,""generation_expression"":null,""character_maximum_length"":null}"
S2_columns,generation_jobs.status,column,"{""udt_name"":""text"",""data_type"":""text"",""table_name"":""generation_jobs"",""column_name"":""status"",""is_identity"":""NO"",""is_nullable"":""NO"",""is_generated"":""NEVER"",""numeric_scale"":null,""column_default"":""'queued'::text"",""ordinal_position"":5,""numeric_precision"":null,""identity_generation"":null,""generation_expression"":null,""character_maximum_length"":null}"
S2_columns,generation_jobs.updated_at,column,"{""udt_name"":""timestamptz"",""data_type"":""timestamp with time zone"",""table_name"":""generation_jobs"",""column_name"":""updated_at"",""is_identity"":""NO"",""is_nullable"":""NO"",""is_generated"":""NEVER"",""numeric_scale"":null,""column_default"":""now()"",""ordinal_position"":11,""numeric_precision"":null,""identity_generation"":null,""generation_expression"":null,""character_maximum_length"":null}"
S2_columns,generation_jobs.user_id,column,"{""udt_name"":""uuid"",""data_type"":""uuid"",""table_name"":""generation_jobs"",""column_name"":""user_id"",""is_identity"":""NO"",""is_nullable"":""NO"",""is_generated"":""NEVER"",""numeric_scale"":null,""column_default"":null,""ordinal_position"":2,""numeric_precision"":null,""identity_generation"":null,""generation_expression"":null,""character_maximum_length"":null}"
S2_columns,study_visuals.created_at,column,"{""udt_name"":""timestamptz"",""data_type"":""timestamp with time zone"",""table_name"":""study_visuals"",""column_name"":""created_at"",""is_identity"":""NO"",""is_nullable"":""NO"",""is_generated"":""NEVER"",""numeric_scale"":null,""column_default"":""now()"",""ordinal_position"":6,""numeric_precision"":null,""identity_generation"":null,""generation_expression"":null,""character_maximum_length"":null}"
S2_columns,study_visuals.document_id,column,"{""udt_name"":""uuid"",""data_type"":""uuid"",""table_name"":""study_visuals"",""column_name"":""document_id"",""is_identity"":""NO"",""is_nullable"":""NO"",""is_generated"":""NEVER"",""numeric_scale"":null,""column_default"":null,""ordinal_position"":2,""numeric_precision"":null,""identity_generation"":null,""generation_expression"":null,""character_maximum_length"":null}"
S2_columns,study_visuals.id,column,"{""udt_name"":""uuid"",""data_type"":""uuid"",""table_name"":""study_visuals"",""column_name"":""id"",""is_identity"":""NO"",""is_nullable"":""NO"",""is_generated"":""NEVER"",""numeric_scale"":null,""column_default"":""gen_random_uuid()"",""ordinal_position"":1,""numeric_precision"":null,""identity_generation"":null,""generation_expression"":null,""character_maximum_length"":null}"
S2_columns,study_visuals.model,column,"{""udt_name"":""text"",""data_type"":""text"",""table_name"":""study_visuals"",""column_name"":""model"",""is_identity"":""NO"",""is_nullable"":""NO"",""is_generated"":""NEVER"",""numeric_scale"":null,""column_default"":""'gpt-4o-mini'::text"",""ordinal_position"":5,""numeric_precision"":null,""identity_generation"":null,""generation_expression"":null,""character_maximum_length"":null}"
S2_columns,study_visuals.user_id,column,"{""udt_name"":""uuid"",""data_type"":""uuid"",""table_name"":""study_visuals"",""column_name"":""user_id"",""is_identity"":""NO"",""is_nullable"":""NO"",""is_generated"":""NEVER"",""numeric_scale"":null,""column_default"":null,""ordinal_position"":3,""numeric_precision"":null,""identity_generation"":null,""generation_expression"":null,""character_maximum_length"":null}"
S2_columns,study_visuals.visuals,column,"{""udt_name"":""jsonb"",""data_type"":""jsonb"",""table_name"":""study_visuals"",""column_name"":""visuals"",""is_identity"":""NO"",""is_nullable"":""NO"",""is_generated"":""NEVER"",""numeric_scale"":null,""column_default"":""'[]'::jsonb"",""ordinal_position"":4,""numeric_precision"":null,""identity_generation"":null,""generation_expression"":null,""character_maximum_length"":null}"
S20_storage_objects_rls,storage.objects,storage_rls,"{""rls_forced"":false,""table_name"":""objects"",""rls_enabled"":true,""table_owner"":""supabase_storage_admin""}"
S21_job_requests_exists,generation_job_requests,existence,"{""message"":""NO  — table does not exist; migration will CREATE it"",""present"":false}"
S22_pg_constraints,document_analysis.document_analysis_document_id_fkey,pg_constraint,"{""table_name"":""document_analysis"",""condeferred"":false,""condeferrable"":false,""constraint_name"":""document_analysis_document_id_fkey"",""constraint_type"":""f"",""constraint_definition"":""FOREIGN KEY (document_id) REFERENCES documents(id) ON DELETE CASCADE""}"
S22_pg_constraints,document_analysis.document_analysis_pkey,pg_constraint,"{""table_name"":""document_analysis"",""condeferred"":false,""condeferrable"":false,""constraint_name"":""document_analysis_pkey"",""constraint_type"":""p"",""constraint_definition"":""PRIMARY KEY (id)""}"
S22_pg_constraints,document_analysis.document_analysis_user_id_fkey,pg_constraint,"{""table_name"":""document_analysis"",""condeferred"":false,""condeferrable"":false,""constraint_name"":""document_analysis_user_id_fkey"",""constraint_type"":""f"",""constraint_definition"":""FOREIGN KEY (user_id) REFERENCES auth.users(id) ON DELETE CASCADE""}"
S22_pg_constraints,documents.documents_pkey,pg_constraint,"{""table_name"":""documents"",""condeferred"":false,""condeferrable"":false,""constraint_name"":""documents_pkey"",""constraint_type"":""p"",""constraint_definition"":""PRIMARY KEY (id)""}"
S22_pg_constraints,documents.documents_source_recording_id_fkey,pg_constraint,"{""table_name"":""documents"",""condeferred"":false,""condeferrable"":false,""constraint_name"":""documents_source_recording_id_fkey"",""constraint_type"":""f"",""constraint_definition"":""FOREIGN KEY (source_recording_id) REFERENCES recordings(id) ON DELETE SET NULL""}"
S22_pg_constraints,documents.documents_source_type_check,pg_constraint,"{""table_name"":""documents"",""condeferred"":false,""condeferrable"":false,""constraint_name"":""documents_source_type_check"",""constraint_type"":""c"",""constraint_definition"":""CHECK (source_type IS NULL OR (source_type = ANY (ARRAY['upload'::text, 'recording'::text])))""}"
S22_pg_constraints,documents.documents_subject_id_fkey,pg_constraint,"{""table_name"":""documents"",""condeferred"":false,""condeferrable"":false,""constraint_name"":""documents_subject_id_fkey"",""constraint_type"":""f"",""constraint_definition"":""FOREIGN KEY (subject_id) REFERENCES subjects(id) ON DELETE SET NULL""}"
S22_pg_constraints,documents.documents_user_id_fkey,pg_constraint,"{""table_name"":""documents"",""condeferred"":false,""condeferrable"":false,""constraint_name"":""documents_user_id_fkey"",""constraint_type"":""f"",""constraint_definition"":""FOREIGN KEY (user_id) REFERENCES auth.users(id) ON DELETE CASCADE""}"
S22_pg_constraints,generation_jobs.generation_jobs_document_id_fkey,pg_constraint,"{""table_name"":""generation_jobs"",""condeferred"":false,""condeferrable"":false,""constraint_name"":""generation_jobs_document_id_fkey"",""constraint_type"":""f"",""constraint_definition"":""FOREIGN KEY (document_id) REFERENCES documents(id) ON DELETE CASCADE""}"
S22_pg_constraints,generation_jobs.generation_jobs_pkey,pg_constraint,"{""table_name"":""generation_jobs"",""condeferred"":false,""condeferrable"":false,""constraint_name"":""generation_jobs_pkey"",""constraint_type"":""p"",""constraint_definition"":""PRIMARY KEY (id)""}"
S22_pg_constraints,generation_jobs.generation_jobs_status_check,pg_constraint,"{""table_name"":""generation_jobs"",""condeferred"":false,""condeferrable"":false,""constraint_name"":""generation_jobs_status_check"",""constraint_type"":""c"",""constraint_definition"":""CHECK (status = ANY (ARRAY['queued'::text, 'processing'::text, 'completed'::text, 'failed'::text, 'cancelled'::text]))""}"
S22_pg_constraints,generation_jobs.generation_jobs_type_check,pg_constraint,"{""table_name"":""generation_jobs"",""condeferred"":false,""condeferrable"":false,""constraint_name"":""generation_jobs_type_check"",""constraint_type"":""c"",""constraint_definition"":""CHECK (job_type = ANY (ARRAY['visuals'::text, 'flashcards'::text, 'quiz'::text, 'revision_notes'::text, 'analysis'::text]))""}"
S22_pg_constraints,generation_jobs.generation_jobs_user_id_fkey,pg_constraint,"{""table_name"":""generation_jobs"",""condeferred"":false,""condeferrable"":false,""constraint_name"":""generation_jobs_user_id_fkey"",""constraint_type"":""f"",""constraint_definition"":""FOREIGN KEY (user_id) REFERENCES auth.users(id) ON DELETE CASCADE""}"
S22_pg_constraints,study_visuals.study_visuals_document_id_fkey,pg_constraint,"{""table_name"":""study_visuals"",""condeferred"":false,""condeferrable"":false,""constraint_name"":""study_visuals_document_id_fkey"",""constraint_type"":""f"",""constraint_definition"":""FOREIGN KEY (document_id) REFERENCES documents(id) ON DELETE CASCADE""}"
S22_pg_constraints,study_visuals.study_visuals_document_id_user_id_key,pg_constraint,"{""table_name"":""study_visuals"",""condeferred"":false,""condeferrable"":false,""constraint_name"":""study_visuals_document_id_user_id_key"",""constraint_type"":""u"",""constraint_definition"":""UNIQUE (document_id, user_id)""}"
S22_pg_constraints,study_visuals.study_visuals_pkey,pg_constraint,"{""table_name"":""study_visuals"",""condeferred"":false,""condeferrable"":false,""constraint_name"":""study_visuals_pkey"",""constraint_type"":""p"",""constraint_definition"":""PRIMARY KEY (id)""}"
S22_pg_constraints,study_visuals.study_visuals_user_id_fkey,pg_constraint,"{""table_name"":""study_visuals"",""condeferred"":false,""condeferrable"":false,""constraint_name"":""study_visuals_user_id_fkey"",""constraint_type"":""f"",""constraint_definition"":""FOREIGN KEY (user_id) REFERENCES auth.users(id) ON DELETE CASCADE""}"
S24_study_visuals_columns,study_visuals.created_at,column,"{""udt_name"":""timestamptz"",""data_type"":""timestamp with time zone"",""column_name"":""created_at"",""is_nullable"":""NO"",""column_default"":""now()"",""ordinal_position"":6}"
S24_study_visuals_columns,study_visuals.document_id,column,"{""udt_name"":""uuid"",""data_type"":""uuid"",""column_name"":""document_id"",""is_nullable"":""NO"",""column_default"":null,""ordinal_position"":2}"
S24_study_visuals_columns,study_visuals.id,column,"{""udt_name"":""uuid"",""data_type"":""uuid"",""column_name"":""id"",""is_nullable"":""NO"",""column_default"":""gen_random_uuid()"",""ordinal_position"":1}"
S24_study_visuals_columns,study_visuals.model,column,"{""udt_name"":""text"",""data_type"":""text"",""column_name"":""model"",""is_nullable"":""NO"",""column_default"":""'gpt-4o-mini'::text"",""ordinal_position"":5}"
S24_study_visuals_columns,study_visuals.user_id,column,"{""udt_name"":""uuid"",""data_type"":""uuid"",""column_name"":""user_id"",""is_nullable"":""NO"",""column_default"":null,""ordinal_position"":3}"
S24_study_visuals_columns,study_visuals.visuals,column,"{""udt_name"":""jsonb"",""data_type"":""jsonb"",""column_name"":""visuals"",""is_nullable"":""NO"",""column_default"":""'[]'::jsonb"",""ordinal_position"":4}"
S26_schema_summary,schema_summary,count,"{""public_view_count"":0,""public_table_count"":21,""public_function_count"":5}"
S27_final_verification,transaction_verification,verification,"{""note"":""ROLLBACK follows — confirms read-only mode; no writes executed"",""transaction_read_only"":""on""}"
S3_revision_columns_d11,document_analysis.created_at,revision_column,"{""udt_name"":""timestamptz"",""data_type"":""timestamp with time zone"",""table_name"":""document_analysis"",""column_name"":""created_at"",""is_nullable"":""NO"",""column_default"":""now()"",""ordinal_position"":15}"
S3_revision_columns_d11,documents.created_at,revision_column,"{""udt_name"":""timestamptz"",""data_type"":""timestamp with time zone"",""table_name"":""documents"",""column_name"":""created_at"",""is_nullable"":""YES"",""column_default"":""now()"",""ordinal_position"":7}"
S4_primary_keys,document_analysis.document_analysis_pkey,primary_key,"{""table_name"":""document_analysis"",""column_name"":""id"",""constraint_name"":""document_analysis_pkey"",""ordinal_position"":1}"
S4_primary_keys,documents.documents_pkey,primary_key,"{""table_name"":""documents"",""column_name"":""id"",""constraint_name"":""documents_pkey"",""ordinal_position"":1}"
S4_primary_keys,generation_jobs.generation_jobs_pkey,primary_key,"{""table_name"":""generation_jobs"",""column_name"":""id"",""constraint_name"":""generation_jobs_pkey"",""ordinal_position"":1}"
S4_primary_keys,study_visuals.study_visuals_pkey,primary_key,"{""table_name"":""study_visuals"",""column_name"":""id"",""constraint_name"":""study_visuals_pkey"",""ordinal_position"":1}"
S5_unique_constraints,study_visuals.study_visuals_document_id_user_id_key,unique_constraint,"{""table_name"":""study_visuals"",""column_name"":""document_id"",""constraint_name"":""study_visuals_document_id_user_id_key"",""ordinal_position"":1}"
S5_unique_constraints,study_visuals.study_visuals_document_id_user_id_key,unique_constraint,"{""table_name"":""study_visuals"",""column_name"":""user_id"",""constraint_name"":""study_visuals_document_id_user_id_key"",""ordinal_position"":2}"
S6_foreign_keys,document_analysis.document_analysis_document_id_fkey,foreign_key,"{""table_name"":""document_analysis"",""column_name"":""document_id"",""delete_rule"":""CASCADE"",""update_rule"":""NO ACTION"",""constraint_name"":""document_analysis_document_id_fkey"",""ordinal_position"":1,""referenced_table"":""documents"",""referenced_column"":""id""}"
S6_foreign_keys,documents.documents_source_recording_id_fkey,foreign_key,"{""table_name"":""documents"",""column_name"":""source_recording_id"",""delete_rule"":""SET NULL"",""update_rule"":""NO ACTION"",""constraint_name"":""documents_source_recording_id_fkey"",""ordinal_position"":1,""referenced_table"":""recordings"",""referenced_column"":""id""}"
S6_foreign_keys,documents.documents_subject_id_fkey,foreign_key,"{""table_name"":""documents"",""column_name"":""subject_id"",""delete_rule"":""SET NULL"",""update_rule"":""NO ACTION"",""constraint_name"":""documents_subject_id_fkey"",""ordinal_position"":1,""referenced_table"":""subjects"",""referenced_column"":""id""}"
S6_foreign_keys,generation_jobs.generation_jobs_document_id_fkey,foreign_key,"{""table_name"":""generation_jobs"",""column_name"":""document_id"",""delete_rule"":""CASCADE"",""update_rule"":""NO ACTION"",""constraint_name"":""generation_jobs_document_id_fkey"",""ordinal_position"":1,""referenced_table"":""documents"",""referenced_column"":""id""}"
S6_foreign_keys,study_visuals.study_visuals_document_id_fkey,foreign_key,"{""table_name"":""study_visuals"",""column_name"":""document_id"",""delete_rule"":""CASCADE"",""update_rule"":""NO ACTION"",""constraint_name"":""study_visuals_document_id_fkey"",""ordinal_position"":1,""referenced_table"":""documents"",""referenced_column"":""id""}"
S7_check_constraints,document_analysis.2200_25775_10_not_null,check_constraint,"{""table_name"":""document_analysis"",""check_clause"":""formulas IS NOT NULL"",""constraint_name"":""2200_25775_10_not_null""}"
S7_check_constraints,document_analysis.2200_25775_11_not_null,check_constraint,"{""table_name"":""document_analysis"",""check_clause"":""examples IS NOT NULL"",""constraint_name"":""2200_25775_11_not_null""}"
S7_check_constraints,document_analysis.2200_25775_12_not_null,check_constraint,"{""table_name"":""document_analysis"",""check_clause"":""keywords IS NOT NULL"",""constraint_name"":""2200_25775_12_not_null""}"
S7_check_constraints,document_analysis.2200_25775_13_not_null,check_constraint,"{""table_name"":""document_analysis"",""check_clause"":""likely_exam_topics IS NOT NULL"",""constraint_name"":""2200_25775_13_not_null""}"
S7_check_constraints,document_analysis.2200_25775_14_not_null,check_constraint,"{""table_name"":""document_analysis"",""check_clause"":""model IS NOT NULL"",""constraint_name"":""2200_25775_14_not_null""}"
S7_check_constraints,document_analysis.2200_25775_15_not_null,check_constraint,"{""table_name"":""document_analysis"",""check_clause"":""created_at IS NOT NULL"",""constraint_name"":""2200_25775_15_not_null""}"
S7_check_constraints,document_analysis.2200_25775_16_not_null,check_constraint,"{""table_name"":""document_analysis"",""check_clause"":""learning_objectives IS NOT NULL"",""constraint_name"":""2200_25775_16_not_null""}"
S7_check_constraints,document_analysis.2200_25775_17_not_null,check_constraint,"{""table_name"":""document_analysis"",""check_clause"":""misconceptions IS NOT NULL"",""constraint_name"":""2200_25775_17_not_null""}"
S7_check_constraints,document_analysis.2200_25775_18_not_null,check_constraint,"{""table_name"":""document_analysis"",""check_clause"":""relationships IS NOT NULL"",""constraint_name"":""2200_25775_18_not_null""}"
S7_check_constraints,document_analysis.2200_25775_19_not_null,check_constraint,"{""table_name"":""document_analysis"",""check_clause"":""prerequisites IS NOT NULL"",""constraint_name"":""2200_25775_19_not_null""}"
S7_check_constraints,document_analysis.2200_25775_1_not_null,check_constraint,"{""table_name"":""document_analysis"",""check_clause"":""id IS NOT NULL"",""constraint_name"":""2200_25775_1_not_null""}"
S7_check_constraints,document_analysis.2200_25775_20_not_null,check_constraint,"{""table_name"":""document_analysis"",""check_clause"":""tables IS NOT NULL"",""constraint_name"":""2200_25775_20_not_null""}"
S7_check_constraints,document_analysis.2200_25775_2_not_null,check_constraint,"{""table_name"":""document_analysis"",""check_clause"":""document_id IS NOT NULL"",""constraint_name"":""2200_25775_2_not_null""}"
S7_check_constraints,document_analysis.2200_25775_3_not_null,check_constraint,"{""table_name"":""document_analysis"",""check_clause"":""user_id IS NOT NULL"",""constraint_name"":""2200_25775_3_not_null""}"
S7_check_constraints,document_analysis.2200_25775_4_not_null,check_constraint,"{""table_name"":""document_analysis"",""check_clause"":""subject_area IS NOT NULL"",""constraint_name"":""2200_25775_4_not_null""}"
S7_check_constraints,document_analysis.2200_25775_5_not_null,check_constraint,"{""table_name"":""document_analysis"",""check_clause"":""difficulty_level IS NOT NULL"",""constraint_name"":""2200_25775_5_not_null""}"
S7_check_constraints,document_analysis.2200_25775_7_not_null,check_constraint,"{""table_name"":""document_analysis"",""check_clause"":""sections IS NOT NULL"",""constraint_name"":""2200_25775_7_not_null""}"
S7_check_constraints,document_analysis.2200_25775_8_not_null,check_constraint,"{""table_name"":""document_analysis"",""check_clause"":""key_concepts IS NOT NULL"",""constraint_name"":""2200_25775_8_not_null""}"
S7_check_constraints,document_analysis.2200_25775_9_not_null,check_constraint,"{""table_name"":""document_analysis"",""check_clause"":""definitions IS NOT NULL"",""constraint_name"":""2200_25775_9_not_null""}"
S7_check_constraints,documents.2200_17796_1_not_null,check_constraint,"{""table_name"":""documents"",""check_clause"":""id IS NOT NULL"",""constraint_name"":""2200_17796_1_not_null""}"
S7_check_constraints,documents.2200_17796_3_not_null,check_constraint,"{""table_name"":""documents"",""check_clause"":""title IS NOT NULL"",""constraint_name"":""2200_17796_3_not_null""}"
S7_check_constraints,documents.documents_source_type_check,check_constraint,"{""table_name"":""documents"",""check_clause"":""((source_type IS NULL) OR (source_type = ANY (ARRAY['upload'::text, 'recording'::text])))"",""constraint_name"":""documents_source_type_check""}"
S7_check_constraints,generation_jobs.2200_26459_10_not_null,check_constraint,"{""table_name"":""generation_jobs"",""check_clause"":""created_at IS NOT NULL"",""constraint_name"":""2200_26459_10_not_null""}"
S7_check_constraints,generation_jobs.2200_26459_11_not_null,check_constraint,"{""table_name"":""generation_jobs"",""check_clause"":""updated_at IS NOT NULL"",""constraint_name"":""2200_26459_11_not_null""}"
S7_check_constraints,generation_jobs.2200_26459_1_not_null,check_constraint,"{""table_name"":""generation_jobs"",""check_clause"":""id IS NOT NULL"",""constraint_name"":""2200_26459_1_not_null""}"
S7_check_constraints,generation_jobs.2200_26459_2_not_null,check_constraint,"{""table_name"":""generation_jobs"",""check_clause"":""user_id IS NOT NULL"",""constraint_name"":""2200_26459_2_not_null""}"
S7_check_constraints,generation_jobs.2200_26459_4_not_null,check_constraint,"{""table_name"":""generation_jobs"",""check_clause"":""job_type IS NOT NULL"",""constraint_name"":""2200_26459_4_not_null""}"
S7_check_constraints,generation_jobs.2200_26459_5_not_null,check_constraint,"{""table_name"":""generation_jobs"",""check_clause"":""status IS NOT NULL"",""constraint_name"":""2200_26459_5_not_null""}"
S7_check_constraints,generation_jobs.generation_jobs_status_check,check_constraint,"{""table_name"":""generation_jobs"",""check_clause"":""(status = ANY (ARRAY['queued'::text, 'processing'::text, 'completed'::text, 'failed'::text, 'cancelled'::text]))"",""constraint_name"":""generation_jobs_status_check""}"
S7_check_constraints,generation_jobs.generation_jobs_type_check,check_constraint,"{""table_name"":""generation_jobs"",""check_clause"":""(job_type = ANY (ARRAY['visuals'::text, 'flashcards'::text, 'quiz'::text, 'revision_notes'::text, 'analysis'::text]))"",""constraint_name"":""generation_jobs_type_check""}"
S7_check_constraints,study_visuals.2200_26033_1_not_null,check_constraint,"{""table_name"":""study_visuals"",""check_clause"":""id IS NOT NULL"",""constraint_name"":""2200_26033_1_not_null""}"
S7_check_constraints,study_visuals.2200_26033_2_not_null,check_constraint,"{""table_name"":""study_visuals"",""check_clause"":""document_id IS NOT NULL"",""constraint_name"":""2200_26033_2_not_null""}"
S7_check_constraints,study_visuals.2200_26033_3_not_null,check_constraint,"{""table_name"":""study_visuals"",""check_clause"":""user_id IS NOT NULL"",""constraint_name"":""2200_26033_3_not_null""}"
S7_check_constraints,study_visuals.2200_26033_4_not_null,check_constraint,"{""table_name"":""study_visuals"",""check_clause"":""visuals IS NOT NULL"",""constraint_name"":""2200_26033_4_not_null""}"
S7_check_constraints,study_visuals.2200_26033_5_not_null,check_constraint,"{""table_name"":""study_visuals"",""check_clause"":""model IS NOT NULL"",""constraint_name"":""2200_26033_5_not_null""}"
S7_check_constraints,study_visuals.2200_26033_6_not_null,check_constraint,"{""table_name"":""study_visuals"",""check_clause"":""created_at IS NOT NULL"",""constraint_name"":""2200_26033_6_not_null""}"
S8_indexes,document_analysis.document_analysis_pkey,index,"{""columns"":""id"",""is_unique"":true,""expression"":null,""index_name"":""document_analysis_pkey"",""is_partial"":false,""is_primary"":true,""table_name"":""document_analysis"",""index_method"":""btree"",""partial_predicate"":null}"
S8_indexes,document_analysis.idx_document_analysis_document_id,index,"{""columns"":""document_id"",""is_unique"":false,""expression"":null,""index_name"":""idx_document_analysis_document_id"",""is_partial"":false,""is_primary"":false,""table_name"":""document_analysis"",""index_method"":""btree"",""partial_predicate"":null}"
S8_indexes,document_analysis.idx_document_analysis_user_id,index,"{""columns"":""user_id"",""is_unique"":false,""expression"":null,""index_name"":""idx_document_analysis_user_id"",""is_partial"":false,""is_primary"":false,""table_name"":""document_analysis"",""index_method"":""btree"",""partial_predicate"":null}"
S8_indexes,documents.documents_pkey,index,"{""columns"":""id"",""is_unique"":true,""expression"":null,""index_name"":""documents_pkey"",""is_partial"":false,""is_primary"":true,""table_name"":""documents"",""index_method"":""btree"",""partial_predicate"":null}"
S8_indexes,documents.documents_source_recording_unique,index,"{""columns"":""source_recording_id"",""is_unique"":true,""expression"":null,""index_name"":""documents_source_recording_unique"",""is_partial"":true,""is_primary"":false,""table_name"":""documents"",""index_method"":""btree"",""partial_predicate"":""(source_recording_id IS NOT NULL)""}"
S8_indexes,documents.documents_subject_id_idx,index,"{""columns"":""subject_id"",""is_unique"":false,""expression"":null,""index_name"":""documents_subject_id_idx"",""is_partial"":false,""is_primary"":false,""table_name"":""documents"",""index_method"":""btree"",""partial_predicate"":null}"
S8_indexes,generation_jobs.generation_jobs_pkey,index,"{""columns"":""id"",""is_unique"":true,""expression"":null,""index_name"":""generation_jobs_pkey"",""is_partial"":false,""is_primary"":true,""table_name"":""generation_jobs"",""index_method"":""btree"",""partial_predicate"":null}"
S8_indexes,generation_jobs.generation_jobs_status,index,"{""columns"":""status"",""is_unique"":false,""expression"":null,""index_name"":""generation_jobs_status"",""is_partial"":true,""is_primary"":false,""table_name"":""generation_jobs"",""index_method"":""btree"",""partial_predicate"":""(status = ANY (ARRAY['queued'::text, 'processing'::text]))""}"
S8_indexes,generation_jobs.generation_jobs_user_doc_type,index,"{""columns"":""user_id, document_id, job_type"",""is_unique"":false,""expression"":null,""index_name"":""generation_jobs_user_doc_type"",""is_partial"":false,""is_primary"":false,""table_name"":""generation_jobs"",""index_method"":""btree"",""partial_predicate"":null}"
S8_indexes,study_visuals.study_visuals_document_id_user_id_key,index,"{""columns"":""document_id, user_id"",""is_unique"":true,""expression"":null,""index_name"":""study_visuals_document_id_user_id_key"",""is_partial"":false,""is_primary"":false,""table_name"":""study_visuals"",""index_method"":""btree"",""partial_predicate"":null}"
S8_indexes,study_visuals.study_visuals_pkey,index,"{""columns"":""id"",""is_unique"":true,""expression"":null,""index_name"":""study_visuals_pkey"",""is_partial"":false,""is_primary"":true,""table_name"":""study_visuals"",""index_method"":""btree"",""partial_predicate"":null}"
S9_triggers,documents.validate_document_subject_ownership,trigger,"{""table_name"":""documents"",""trigger_name"":""validate_document_subject_ownership"",""action_timing"":""BEFORE"",""action_statement"":""EXECUTE FUNCTION validate_resource_subject_ownership()"",""action_orientation"":""ROW"",""event_manipulation"":""UPDATE""}"
S9_triggers,documents.validate_document_subject_ownership,trigger,"{""table_name"":""documents"",""trigger_name"":""validate_document_subject_ownership"",""action_timing"":""BEFORE"",""action_statement"":""EXECUTE FUNCTION validate_resource_subject_ownership()"",""action_orientation"":""ROW"",""event_manipulation"":""INSERT""}"
S9b_pg_triggers,documents.validate_document_subject_ownership,pg_trigger,"{""tgtype"":23,""tgenabled"":""O"",""table_name"":""documents"",""tgdeferrable"":false,""trigger_name"":""validate_document_subject_ownership"",""tginitdeferred"":false,""trigger_function"":""validate_resource_subject_ownership"",""is_constraint_trigger"":false}"